行标签,计数项:网址
2018-3-22,5
2018-3-23,46
2018-3-24,22
2018-3-25,26
2018-3-26,97
2018-3-27,66
2018-3-28,98
2018-3-29,154
2018-3-30,122
2018-3-31,41
2018-4-1,12
2018-4-2,100
2018-4-3,5
2018-4-4,1
2018-4-11,1
2018-4-12,39
2018-4-13,184
2018-4-14,25
2018-4-15,17
2018-4-16,168
2018-4-17,168
2018-4-18,171
2018-4-19,121
2018-4-20,123
2018-4-21,14
2018-4-22,6
2018-4-23,143
2018-4-24,150
2018-4-26,165
2018-4-27,60
2018-4-28,171
2018-4-29,34
2018-4-30,59
2018-5-1,4
2018-5-2,312
2018-5-3,162
2018-5-4,180
2018-5-5,35
2018-5-6,38
2018-5-7,166
2018-5-8,179
2018-5-9,152
2018-5-10,213
2018-5-11,203
2018-5-12,42
2018-5-13,10
2018-5-14,71
2018-5-15,4
2018-5-16,222
2018-5-17,200
2018-5-18,193
2018-5-19,38
2018-5-20,44
2018-5-21,163
2018-5-22,147
2018-5-23,216
2018-5-24,175
2018-5-25,155
2018-5-26,35
2018-5-27,69
2018-5-28,157
2018-5-29,222
2018-5-30,205
2018-5-31,186
2018-6-1,193
2018-6-2,50
2018-6-3,62
2018-6-4,159
2018-6-5,242
2018-6-6,237
2018-6-7,222
2018-6-8,216
2018-6-9,26
2018-6-10,48
2018-6-11,166
2018-6-12,210
2018-6-13,307
2018-6-14,209
2018-6-15,240
2018-6-16,76
2018-6-17,61
2018-6-18,15
2018-6-19,260
2018-6-20,243
2018-6-21,220
2018-6-22,218
2018-6-23,28
2018-6-24,49
2018-6-25,205
2018-6-26,208
2018-6-27,230
2018-6-28,318
2018-6-29,278
2018-6-30,41
2018-7-1,41
2018-7-2,138
2018-7-3,221
2018-7-4,265
2018-7-5,259
2018-7-6,256
2018-7-7,73
2018-7-8,39
2018-7-9,224
2018-7-10,244
2018-7-11,275
2018-7-12,261
2018-7-13,272
2018-7-14,48
2018-7-15,50
2018-7-16,258
2018-7-17,218
2018-7-18,253
2018-7-19,237
2018-7-20,285
2018-7-21,62
2018-7-22,23
2018-7-23,177
2018-7-24,273
2018-7-25,241
2018-7-26,302
2018-7-27,277
2018-7-28,31
2018-7-29,39
2018-7-30,255
2018-7-31,262
2018-8-1,231
2018-8-2,287
2018-8-3,321
2018-8-4,38
总计,18585
